{
  "sprite_directory":"@sprites",
  "font_path": "@fonts/gomarice_katamari_serif.ttf",
	"title_font_path": "@fonts/unispace bold italic.ttf",


  "initial_life": 3,
  "cooldown": 0.1,
  "mouse_sensitivity": 1.0,
  "gamepad_sensitivity": 3000.0,

	"dash_duration": 0.5,
	"dash_cooldown": 0.25,
  "dash_speed_multiplier": 2.0,

  "player_attraction_minradius": 200.0,
  "player_attraction_maxradius": 800.0,
  "player_attraction_force": 500.0,
  "player_tangent_force": 500000.0,

  "enemy_attraction_minradius": 200.0,
  "enemy_attraction_maxradius": 800.0,
  "enemy_attraction_force": 500.0,
  "enemy_tangent_force": 500000.0,

  "particle_max_velocity": 1000.0,
  "particle_slowing_factor": 0.5,
  "particle_radius_rand_factor": 2.0,
  "world_clamp_radius":3000
}