{
	"categories":{
	
		"@music":{
			"volume":0.3
		}
	},

  "sources": [

    { "path": "sounds/menu_music.ogg" , "category" :  "music" },
    { "path": "sounds/pause_music.ogg" , "category" :  "music" },
    { "path": "sounds/game_music.ogg" , "category" :  "music"},
    { "path": "sounds/gameover.ogg" },
    { "path": "sounds/bonus1.ogg" },
    { "path": "sounds/bonus2.ogg" },
    { "path": "sounds/start.ogg" },
    { "path": "sounds/pause.ogg" },
    { "path": "sounds/thrust.ogg" },
    { "path": "sounds/next_level.ogg" },
    { "path": "sounds/collision.ogg" },
    { "path": "sounds/heartbeat.ogg" }
  ]
}